Date,Title,URL,Image URL,Website
2025-11-12T04:43:34Z,"Flight disruptions will persist even after shutdown ends, airlines warn",https://news.google.com/read/CBMimgFBVV95cUxQd3d2Mk5Xa29nZmlBZWhxUE1YWklaUTlCN1U2R3BrUEZ0MVJ3Vmh6NWZOMkQwWTBKLUo0ekFYMkZpdVlwUE5FNDRUVHNEZkhXVVpkbUpYQzJDem8yUGNLSWdmUjZCRVBya2xzZ0JtTTRpZEk2cmstcHhxVVkybWl0X2RXd2RITzhXbVVGV0xmSUpFZnRhRUctdEh3?hl=en-US&gl=US&ceid=US%3Aen,/api/attachments/CC8iK0NnNUJSbFI2YzNGUmJtcG5abGw0VFJERUF4aW1CU2dLTWdZRklJcVBqUW8=-w280-h168-p-df-rw,The Washington Post
2025-11-11T23:42:13Z,Private Aviation Has Boomed During the Government Shutdown,https://news.google.com/read/CBMif0FVX3lxTE9TQXdfbDZjU3JkSmxhck1PbVRIVGY4bkRiSlhpTGxrY29weEJDVHFRQ0t2OEl3R3M5eE9KZmM4Sk5SSmYxb255anZPQ0JGdHI2NkpXUThaSnJ2bE1IbmZrajIybEhWY19oZ2laZlZjMlROMmMxWUkxMWs2elNRU0k?hl=en-US&gl=US&ceid=US%3Aen,https://encrypted-tbn2.gstatic.com/faviconV2?url=https://www.nytimes.com&client=NEWS_360&size=96&type=FAVICON&fallback_opts=TYPE,The New York Times
2025-11-11T15:41:00Z,US flight cancellations and delays to get worse even if shutdown ends,https://news.google.com/read/CBMimAFBVV95cUxOZmVTWlk1S2pObVBGNURCMEd5TVZjVEt4TERyTWFTWUpjdUtYSGpaaTVJMnl6OWdPcGNZbjczX2lyWDV3SE9GUG9ISTFaSmpSd2tOc0lQMHh1SHF5ajFPZldsMGJSNUZmMTZudUE5V0lJeUZHOVpWVDhSU3lnRkFCN3lNdkVsMWVDN05FSXl3QS1IdWxUbGZDUA?hl=en-US&gl=US&ceid=US%3Aen,https://encrypted-tbn0.gstatic.com/faviconV2?url=https://www.theguardian.com&client=NEWS_360&size=96&type=FAVICON&fallback_opts=TYPE,The Guardian
2025-11-11T08:05:02Z,Will the flight cuts impact my Thanksgiving travel?,https://news.google.com/read/CBMilAFBVV95cUxQTUFPZzFMakFBaDJ6dTZMRUtHNEV6THc4Y29nMmliTFZITlhrR3hBdTN5aVhQZEVUSWlYMDNlQnhFMHJLMHh2X21KY0dNLTRTWWtuQ1pQazFUeWhDanRkbGg3OWVVOHVycmR5anJXYjMwOXNOY2hWOXRVRFRqbzMyS1ByX2NWd2c4eEVpUHU1dm02Tmow?hl=en-US&gl=US&ceid=US%3Aen,https://encrypted-tbn0.gstatic.com/faviconV2?url=https://www.usatoday.com&client=NEWS_360&size=96&type=FAVICON&fallback_opts=TYPE,USA Today
2025-11-12T05:00:00Z,World Energy Outlook 2025 – Analysis,https://news.google.com/read/CBMiY0FVX3lxTE9iMkRMeVgwSW42N2t5S3hfMEd2VDZkWWN1elJITDJuX0VBVHZJc25HNDUwc3psYlhOeEFJcWUxRFRzcHhfc3JkN0pRNVgwSFhwcUphTEU1aGNWWlROOFp2a3lWdw?hl=en-US&gl=US&ceid=US%3Aen,/api/attachments/CC8iI0NnNDFabGxHVGs0NVNXTk9NVTlXVFJDVEFSalhBaWdCTWdB=-w280-h168-p-df-rw,IEA – International Energy Agency
2025-11-12T05:00:00Z,"Supply boom in cheaper renewables will seal end of fossil fuel era, says IEA",https://news.google.com/read/CBMixgFBVV95cUxPajNhdjN3NFdMMEJTeGFXamJtWXJyeUxJeVBhTktWZTRleE1pRFBCSnd1NlEwem93dFJOUUFrX2J1dU82bEVBZk0xRFVNck5TVl8tLUpuOWRiTHNSeDhCZGh1YnV0UXJjWmxVdnRoYmh3d3JrbmJXR0w2U3Uza0dfdVlrQVJPRnhvSUVpZHVCeE1zbURFZFhSY1NjaVlCdlp6eTVYX1UtZlB5WHM2NE53NWx5MlpuZXBieVJlYTl4VEtBN1ltVHc?hl=en-US&gl=US&ceid=US%3Aen,https://encrypted-tbn0.gstatic.com/faviconV2?url=https://www.theguardian.com&client=NEWS_360&size=96&type=FAVICON&fallback_opts=TYPE,The Guardian
2025-11-12T05:01:05Z,There’s a New Forecast for Peak Oil Demand. It’s Increasingly Cloudy.,https://news.google.com/read/CBMifEFVX3lxTE9nNG9helU2NFpvRVhyZWpLM1Rnb0RwOE5wVkQ1RGM0MjRtQXp3Sm4zYVV0NUs1ZVdQTzRwYVJ2RHN1V0xySk1aUGFsU2Jxc09BM2hGSGNpb2hXTUxqUXVZaGozQU9ueUREeDdPdVF2RDVNWVVPTnZNTG1MYm4?hl=en-US&gl=US&ceid=US%3Aen,https://encrypted-tbn2.gstatic.com/faviconV2?url=https://www.nytimes.com&client=NEWS_360&size=96&type=FAVICON&fallback_opts=TYPE,The New York Times
2025-11-12T05:01:45Z,Influential study sees momentum ebbing on cutting global CO2 emissions,https://news.google.com/read/CBMia0FVX3lxTE5wQUVFMVJjLV9EbTY5SUdWdTRuN0ZXVEl1aWNqVFhjQ0htdnBzYURxY3N5UXBjbDVhWks5WjY3VWcxRFhhRDd5bnVEM2tGRGpqZ2R1dGM0ZVdldVI5YVFSQnBnNTh4ZGxOZURz?hl=en-US&gl=US&ceid=US%3Aen,https://encrypted-tbn0.gstatic.com/faviconV2?url=https://www.axios.com&client=NEWS_360&size=96&type=FAVICON&fallback_opts=TYPE,Axios
2025-11-12T04:37:00Z,SoftBank’s Shares Dive After Nvidia Sale Spooks AI-Wary Market,https://news.google.com/read/CBMiswFBVV95cUxOR2FXeFdYNnB6eTFVT2J5S01CSzZYVEdpU2FCT3pZaXJabEZBYjFtNEROcjdFZi1FZTBmSnNxT0NITWhGcXBJQ2JMOWdRMUtqSjJZQ2N3RFZzU09PeFpzZGFIUFJrTXltTXJ1MllyVmZDTm9VQ1pEdWY0bXdjS1d3QVpEX0hRWUQ3OHBpeWk0SHhpaWY0UC1Pd3JMS1dhMDlsX194SDNLczNoZWRGNlVrak1USQ?hl=en-US&gl=US&ceid=US%3Aen,/api/attachments/CC8iK0NnNHdaV2hvYWt4RFgzQkJaV3d6VFJERUF4aW1CU2dLTWdhaElvWkxHUW8=-w280-h168-p-df-rw,Bloomberg.com
2025-11-11T07:25:49Z,SoftBank sells its entire stake in Nvidia for $5.83 billion,https://news.google.com/read/CBMioAFBVV95cUxOdk1DSnBwcEJjeWlnWFFLOEZyalVaamRwYnhpRmhianR6NzZENDZaeUJ3T3RjODhGc3VKa2JLa0lHMWxVaDMxNmRiOHpBdWRPR0I0WGRyOENoU3NYMVR2ZmcxZkR6N3FPZmhxLUl2MEVqZUNLc1F4em9vMlJGUWthcmtQQXZhSHpfWER4cm9acW4tTk85LWM2aVVFWFRvZk1t0gGmAUFVX3lxTFB0MDQ0ZGhwOTd4R25hUWNzR1VoZVg5bTctRnlzNFZhR0w4bWwxRXVyY1I5SjJPZ09wQmlieGVaWFpvdENpY3Iwenh3RDhuRXVhb01udExDNElGNE10M2ctaEY5Ry1DZTJwaWRYX0NYUWx2M0laT3RmbFR1VXJCYnZ6Wk9LSXZoNTNDQzVIQlViWlNqaE55SE8zSnIzSHBRdU5XcVJ6dVE?hl=en-US&gl=US&ceid=US%3Aen,https://encrypted-tbn0.gstatic.com/faviconV2?url=https://www.cnbc.com&client=NEWS_360&size=96&type=FAVICON&fallback_opts=TYPE,CNBC
2025-11-12T05:11:40Z,"Transcript: SoftBank divesting from Nvidia could be good, actually",https://news.google.com/read/CBMicEFVX3lxTE93M0pOSWN1RXlNc01mVk5oaVBuNHAtdVdvb3ZsVnVZbnBSYk85SVdBWXBpNTVSQm0zNTZoYWxQamN6Ml9SeDRTdmgwdWpwYUhfZ3lqZkdGMVdlN01SY19BZElyME1helAwNzNNWUN6SXg?hl=en-US&gl=US&ceid=US%3Aen,https://encrypted-tbn2.gstatic.com/faviconV2?url=https://www.ft.com&client=NEWS_360&size=96&type=FAVICON&fallback_opts=TYPE,Financial Times
2025-11-11T14:55:12Z,SoftBank's $5.8 billion Nvidia stake sale stirs fresh AI bubble fears,https://news.google.com/read/CBMiwwFBVV95cUxNZ21sM0NnXzQ4RU1KZ01ydVhhQVJhY0pydmdjb1YxcnNMd1JUMFlWVVNNM3MzRGlsSDVzRGpaREZwckh0UjlWdnJXRTA3WjBOb3JTRGVOY2EtVWNtejlzREJjRld4MS1YeGpDbVBXTlNJdFpPVEs2SzIxLXdPSDBJZV9wSlFEYWh4cDJ4WGx2aG1talhrM2FGUlJjMWxrV0FBZjVQS1pZQUxMM0xPRm45NDl0eTdrRTNsUmhCMFlQUHlyeW8?hl=en-US&gl=US&ceid=US%3Aen,https://encrypted-tbn2.gstatic.com/faviconV2?url=https://www.reuters.com&client=NEWS_360&size=96&type=FAVICON&fallback_opts=TYPE,Reuters
2025-11-11T22:31:39Z,Chick-Fil-A to test new menu item in Baltimore,https://news.google.com/read/CBMilwFBVV95cUxOQWRuYnY5a0JoYnAyUTNnTGpLUXdxRkRQS3lWd3REeENZN0ljSnVZc1RVOE9Kd1JLUG4zVzB5ZTJZM2xlYzBSclB0ZDF2TUl1YzdPN3hZZjJrc1k4dXh4WmNOc2EyRHZsX01lLXRlN3I5SVQ3dlVpa00xREdFeTdLWE5jT2hPaUhiY0lGRnhza1JqSmhPR3Rv?hl=en-US&gl=US&ceid=US%3Aen,/api/attachments/CC8iK0NnNWpTVE41WDI4MFVscFVOVzlZVFJDZkF4amlCU2dLTWdhUlVaaklKQWc=-w280-h168-p-df-rw,WBFF
2025-11-12T02:40:05Z,Chick-fil-A to test two chicken and waffle sandwiches. See who's getting first bite.,https://news.google.com/read/CBMiyAFBVV95cUxNUVpMUFdaX1ZIamdfcjBCRE5IM1lFb25GNldLdzhWVjFXYUdiZ1Z3SVZlN1hZemQ3VmJTVEdjdnBxWW4wRnZKM05PSmlxTnFhazZuVFFnTk1MSGJHTzBvalVxZmVGSXBmRHVMVUFCSVN3dXdvZlhLWjdQRmRjUmpmMmtXOHh5em9iQnFFOV9fckVVNk1iTU9KR2VhVWRmc3VwRVBYbDRSdHVJdTJtMjV0N19tTWJVVExoZnEyY0N2VF84TDdZclBfZw?hl=en-US&gl=US&ceid=US%3Aen,https://encrypted-tbn0.gstatic.com/faviconV2?url=https://www.usatoday.com&client=NEWS_360&size=96&type=FAVICON&fallback_opts=TYPE,USA Today
2025-11-11T21:15:29Z,Chick-fil-A to test Chicken & Waffles sandwich in two cities,https://news.google.com/read/CBMijwFBVV95cUxNdXRpQjczcW1od3poekRnbHdOeWxlRFA2Zjd5eEh1dnZMdnpOVVUzcVRiMGR0eHJBcWhrZHFYZnBfOFJfR1dXN2VBSzJMQ2lkT1F6WXpzUnR5ZUplMTAtanJlOVhJMzFNdEhWemtrYllOM0FfNjJDZEtiR3luNTJCcmlPRVJOSGhMSWFISmxkRQ?hl=en-US&gl=US&ceid=US%3Aen,https://encrypted-tbn1.gstatic.com/faviconV2?url=https://www.yahoo.com&client=NEWS_360&size=96&type=FAVICON&fallback_opts=TYPE,Yahoo
2025-11-12T01:36:12Z,"Chick-Fil-A Wants To Introduce Chicken And Waffles, Lord Have Mercy",https://news.google.com/read/CBMilgFBVV95cUxQbkpFd1BKb0ZzSkE2ZkVsSFZvczUwT0pRcktiajVHaE5DWEEybFpqMUNiN0plR3U2TDFLUEI5eEJTYXJfcmRvTWQzdDV1VWlGQ3hQeDdad1kyS29Ud1pCLU9GMHp4U1NhZEtKWUlrRmdIbGxRVEJIaGprYUpJNTV1Z3U3QWpHQnBfMFQxXzFkNFdtSkxxQ1E?hl=en-US&gl=US&ceid=US%3Aen,https://encrypted-tbn0.gstatic.com/faviconV2?url=https://www.outkick.com&client=NEWS_360&size=96&type=FAVICON&fallback_opts=TYPE,OutKick
2025-11-12T00:04:20Z,Starbucks' barista strike could undermine its turnaround plan,https://news.google.com/read/CBMiWkFVX3lxTE00WEh5VXVjbS1vYWswczdCNXdFbUtETHJScUtXUVlZSVZtRnV4RmlTWG1sN2xIZlRPaWpTVEdaNUdtald0WHJTRVFmaVp0LWhCVEhHbzA1ODdwQdIBX0FVX3lxTE9vUWpwYzZhRG5ybUQ4ZGlFSjU1dHp6OFhhTm9GcXNRNDBRZUVNUjhpTlRCRUtyUjlwX3FFUENDOTM3YmkzSUp4b2RhLTctQkp6bkJrQzRYTm4wZjBWTXFz?hl=en-US&gl=US&ceid=US%3Aen,/api/attachments/CC8iL0NnNVRjRkJRTm5wSVNuRkNXV1J3VFJDZkF4ampCU2dLTWdtTkFZZ25EYXcwOGdB=-w280-h168-p-df-rw,BBC
2025-11-10T23:08:00Z,Downtown Disney Starbucks baristas are on strike and more SoCal locations could join them,https://news.google.com/read/CBMickFVX3lxTE55cXBZNXVrOXhlSk9iTUhDczhtdHAxRjVESXZZUk84c0hGYVpNdGZjV1FwRU02MGlhbmJoSE5oSEZNM0t0Z19nbFFyaGtIVVJldnNKbWtmZWVCX1pseUYxczVEN0xXZHF4czFxTU1yZllSdw?hl=en-US&gl=US&ceid=US%3Aen,https://encrypted-tbn3.gstatic.com/faviconV2?url=https://laist.com&client=NEWS_360&size=96&type=FAVICON&fallback_opts=TYPE,LAist
2025-11-05T18:03:00Z,Starbucks unionized workers say they'll strike on Nov. 13 if coffee giant doesn't finalize contract,https://news.google.com/read/CBMijAFBVV95cUxPVkV5UURlMWtDMW5Lb3B3SVRrSEx1V1hxWjNKZ2tRX0tzSF9KZHVvVVl1eXdHTlhlMHdjc2FzSkRuY1pTMzFqTVJmQWlXMFRLeEpUX3NLcXVGdVRhc3RQZmN2R1ZzeFVhb1Z6VGhyMk9aNHRpV1o2c05kZVZYR3FsRUxFN1hETDFmeU8yYtIBkgFBVV95cUxNZU5wbzBPaFdyM1JLUENaWUdKblRaTTdtOGlhaHFONG4yTm10cjZGUnBfU2lDd2ZqcnR4eE1CWEw2a2hUOFVBMExxM0RISHlLT09EZDJHeUlKSi1Xa3JFVWhSdXlUdWFONmh3akd1bl9XY1IxaktLUXRtZHJOVFlnMWE0U1dkZTlzZ3VkdVJtdloydw?hl=en-US&gl=US&ceid=US%3Aen,https://encrypted-tbn0.gstatic.com/faviconV2?url=https://www.cbsnews.com&client=NEWS_360&size=96&type=FAVICON&fallback_opts=TYPE,CBS News
2025-11-11T21:28:12Z,Downtown Disney Starbucks closed as baristas strike; other union stores may join,https://news.google.com/read/CBMivAFBVV95cUxQWEJzeHN0bnNlNDhPMHVRSlY4eE1LdFNERTNwMDgxeWVCbTg5azhDMmxRQkJ3ZV90Wk9sc2VWNV83YU5XVmtwUnNCNlVOUlhMT3NTbFV2d1ZtWlJVNFRycWpVbHkxY1ZxaU5ndUxkYXpyVmt0d1p3aUhJSWpoemY3ZW1rLWRoaFpZMDMtNlZyUUdkS2FKTnZWNDliN2JGRlFKYUVRS3c5clpicTlrNUdQQWhqd0RLWWJ3NkxVeNIBwgFBVV95cUxOTkROUGt3RHJidXM3cjFPNXNOaDFnZGlaejVYcmpqalRydlJkdWF5NUo2Tm5FbTQzTVJPbjJZTnViWTBVbmcyN1BWaTFIZXNGeGtkaWFMMU9ISDd5TFE0MTB5bUlQbHZ6YTlaU2RQS3hBTHRHcE52NjI0bmhLU0hvZjNrRUs4TVpKcVBwY2NQbHF3d0UyQjl1Y1NjaWRhM0R0RG5JbHY0UzEtMmRtcGg3TExfVTV2ZWVoMDk2bEtnVzFZZw?hl=en-US&gl=US&ceid=US%3Aen,https://encrypted-tbn2.gstatic.com/faviconV2?url=https://ktla.com&client=NEWS_360&size=96&type=FAVICON&fallback_opts=TYPE,KTLA
2025-11-11T21:01:08Z,Trump calls 50-year mortgages no 'big deal' as right-wing conservatives balk,https://news.google.com/read/CBMipAFBVV95cUxNZnRPUTBrR2h5VGM2bWY1SEhIVjJBbWZLUldlSUdfdERjMFJQejZBZW9oMVlxYXptMXNOX2RSbTZxT1JIdl9MMkRWNGpiRUFhYVNmWW1KT1c1aUlpS2hHcVJhM2tTTFpzMFhORXBZdEd1cXpKME5Odl91bTNTQ3BoZ3hiTF9zOWw3WE9va2otMnRvSmhrQUM0OFFYTDZaYy1BbFdUVw?hl=en-US&gl=US&ceid=US%3Aen,/api/attachments/CC8iK0NnNHhWa3BDYUZORmNITldWVVp4VFJEQUFoamdBeWdLTWdZZFY1Z0twZ2c=-w280-h168-p-df-rw,Reuters
2025-11-11T14:15:54Z,‘MAGA backlash’: Laura Ingraham challenged Trump in a way few Fox hosts ever do,https://news.google.com/read/CBMiiAFBVV95cUxPS3R4XzkyVThCcG1mZGpfN0tEQjZpRDB5OTZPNGxpUVZPa2Z3MDVMTHFYM04waGxYUDNnaUs4LThLeDZOQU83a2RuN2s5aGlLeFJtNTRNTnQzNDVMQWRUaFNQWmNHOHdiZGJfcXFuMnNoTGpJX01jZmdpYktSR1RjSF92eFVuYTNU?hl=en-US&gl=US&ceid=US%3Aen,https://encrypted-tbn2.gstatic.com/faviconV2?url=https://www.cnn.com&client=NEWS_360&size=96&type=FAVICON&fallback_opts=TYPE,CNN
2025-11-11T18:33:00Z,"White House officials unhappy about 50-year mortgage idea released by top housing official, sources say",https://news.google.com/read/CBMiakFVX3lxTE5RaHh4dVhZYl9ZY1RPQTBBbzlHOFpZaTV4R1FvMTA4aDJadHNSNkl5bVBVaFFXZFBBMHB4OU1EbUdHbDNiWEFZZHI1RW9ScGdJS2ptSnZXY1l2WjF3bWdLdV9LNzRTT0ZfZmfSAW9BVV95cUxOSGc3bDlrd0ItVEkyTWdaenR2MklaUFQxYmQ2d2xDS192RmFJLXd3TnJKaVNTcEozc05qakZkNHl4Tkxzc1NWSnA5RHQxWjhWNXlSekZ3bndaVW9Lbk96STJ2NU5nQnNaNkVqQTFFU0E?hl=en-US&gl=US&ceid=US%3Aen,https://encrypted-tbn0.gstatic.com/faviconV2?url=https://www.cbsnews.com&client=NEWS_360&size=96&type=FAVICON&fallback_opts=TYPE,CBS News
2025-11-11T18:00:00Z,Could a 50-year mortgage mean savings for home buyers?,https://news.google.com/read/CBMifkFVX3lxTE9vakpWS1dXdHFmR2tXTndiNUpqbDMwWlVxRWh3N2ZqVWViS2JXNHdMZlhxOTdpaVFrMXgtNXA1NWlGR2JWWXBVSUFiaWZCa0s0eE9vUk5VNm9OT0hUcUlQRzhVa0lvVmE4dGt3UHh1NE5HQkM3a0tmSWNJRGViUQ?hl=en-US&gl=US&ceid=US%3Aen,https://encrypted-tbn3.gstatic.com/faviconV2?url=https://www.washingtonpost.com&client=NEWS_360&size=96&type=FAVICON&fallback_opts=TYPE,The Washington Post
2025-11-11T20:35:00Z,600 Paramount Employees Took Buyout Packages Amid Return to Office Mandate,https://news.google.com/read/CBMirgFBVV95cUxPN2tfNFZWWnNPZUVRQUZadjZqaEl3SmpnSTR3VE1Wb25tX3EwUThKdGlCcFp3TjZLcmU3em1Xc0tCS2ZfMkVRWG5lWjFldm1KWldVYkh4YVV6TTA5Q2JNTjc0eU9NMUJFYjhuS29jYXc0MnJ4OHBzQ2Q2My1NRXpMTzZOZm1hTWRDNjNBN1hGQjdnRTI4MTVhZVlVVWFIV0xiRUZ6Y01sNGJ4VHVQN1E?hl=en-US&gl=US&ceid=US%3Aen,/api/attachments/CC8iK0NnNUhXUzEwTFhwRVQwcGhNbWRHVFJERUF4aW1CU2dLTWdZSmNJU3B0QVk=-w280-h168-p-df-rw,Variety
2025-11-11T17:05:47Z,"600 Paramount Skydance employees quit instead of returning to the office, and it cost the company $185 million, filings show",https://news.google.com/read/CBMiiwFBVV95cUxOelg5LXF1REc1ak0ySjNxSEtoMWRpRWI0OVBtQ3RTS3RzWkg2WHZ0UUFVbFJZVDJnM3duRTZveF9PZDdxTWNia0Zsei1yRWpaMzZfb0wzQ3lHQWNkN1RJbWpqellFaTVINTM5a2xLN1FfX1dDbzZKVFZnUlRXWlZkbmNoU0dzeVFMOGNZ?hl=en-US&gl=US&ceid=US%3Aen,https://encrypted-tbn1.gstatic.com/faviconV2?url=https://finance.yahoo.com&client=NEWS_360&size=96&type=FAVICON&fallback_opts=TYPE,Yahoo Finance
2025-11-12T04:39:10Z,600 people quit this company instead of returning to office 5 days a week,https://news.google.com/read/CBMizwFBVV95cUxOR2MxbU9FSjlXc1hIMlIwVFpTWU83RjRDMjB1d1JHYkNNZ04zaTk5MlFGYmNkNGYxeUZobk0yWnJjYkdpSFJSM2ZpRmVXLV9QeUlfeWt0YjNqOW9lQXB0Rl9JaF9VOEJWVkFZbEl1Ymk5clJSNGhlRVNvUE1OUnpGLTJYWFRVSTdmU0h5cGEzNGREVnI1QmM2cWdaYkw1TzBCQXQydmRNdzY3NmxFbXJZa1kzRzVKYy1vT1g1ZkwxdGcyT3JQNkpzOHFldV9neDQ?hl=en-US&gl=US&ceid=US%3Aen,https://encrypted-tbn1.gstatic.com/faviconV2?url=https://www.hindustantimes.com&client=NEWS_360&size=96&type=FAVICON&fallback_opts=TYPE,Hindustan Times
2025-11-11T17:56:00Z,600 Paramount employees quit instead of returning to office full time,https://news.google.com/read/CBMigAFBVV95cUxQMi05ZTA5UW5yaU1ZLUh2UFR2RE9NVW1BZy1xV25FVy12OUNHeFhaQVpXNWk1ajVNdmJZVFhVcnZyTHFiem41bll3d2lya1FIQkpQRmFoUE5rNHlfUy1nRGpna2wwZVJ1RzdLbktDSmlHbjNod2xpUlUySWpWUUhXa9IBhgFBVV95cUxOYUdhOFFWMzFGSjVtLV96bEg1ekJVdzFsVllwSC1Ka3JzZVIzc1R3SjlUTEkwU1JyS2t3WVV3aS1NVXlnUEc0QWlJaGtUOUZ3Vm9KVnVXV29IbUxnUnNkUjE0dWE4ODN1M2FkTmdBZ0VSbm8yZzZRdWxjay0zX0lGYlpEc0NvUQ?hl=en-US&gl=US&ceid=US%3Aen,https://encrypted-tbn2.gstatic.com/faviconV2?url=https://thehill.com&client=NEWS_360&size=96&type=FAVICON&fallback_opts=TYPE,The Hill
2025-11-11T23:48:00Z,"Amazon cuts 700 jobs in NYC alone on quest to streamline by slashing 30,000 positions",https://news.google.com/read/CBMixwFBVV95cUxQMEZsZUw3MUR4aURidl8tem4zeWI2cEZFaTd2TVU0THphYjBySUpwSjNWSzgzaXl5aEtQa3B2a3V6bHRQUE9kVUZVWTVFRW8taW5GS1JESkxrelREMU8tdXdBWktQTjNlZDk1TnJNT05Ec2VOeXpaMFJ5OHVmOXEtREtOU3UzM3E1aEhIcEJlV04wU3F2VFd4YUlkWTJiOUpNdUlGYUtYY1o2cUJkVHl0LXEwLTAteEFiWmR4WThGQmJLSGRxZ2xn?hl=en-US&gl=US&ceid=US%3Aen,/api/attachments/CC8iL0NnNVlYM0pvU25SM2EwaENPVjgxVFJERUF4aW5CU2dLTWdrVk1KQ3RHU29XQ1FJ=-w280-h168-p-df-rw,New York Post
2025-11-11T21:01:53Z,Amazon to cut nearly 700 NYC jobs,https://news.google.com/read/CBMilwFBVV95cUxQMG9hcjEwV0x6aTR2WDBETE82QnZEQlNNX2hkc2wyVVJjRlRwSU1TTGhVMjdiX0VKeGxHQTQzS3I3Z1BHS2NjcE0zZjNCNGd6dFh6YmI0VFIweXgzNUU2bDdLemJiZTBRZW54WWRrOUNDX19hQjljazlpc3hOSk1BVnoyNjZCUTljc2I5R1FZNHdhYVpEXzhv?hl=en-US&gl=US&ceid=US%3Aen,https://encrypted-tbn3.gstatic.com/faviconV2?url=https://www.crainsnewyork.com&client=NEWS_360&size=96&type=FAVICON&fallback_opts=TYPE,Crain's New York Business
2025-11-12T00:00:13Z,Amazon lays off almost 700 NYC-based corporate employees,https://news.google.com/read/CBMiqwFBVV95cUxQanhKXzVyQXQ3b2FteFpOdVA5cFFOS1hfMlpwOWRKYWZHbkFpeWMxT3VpS0VYUHZ0STBwWUVZRGt2Tml2T0VSTk1iZWxnTUkzdklaLXkyQWowUWVPOEdzdkpPcm1ZVkpmVk1JdXJlM0xwbkIxd1ItOVBYbzhZR0Z2OG9hdlAwNmN0VzZnMXlJbUxvd09xWG8tNGkxLWxoYm5xbWp4bjFrRDd0bUk?hl=en-US&gl=US&ceid=US%3Aen,https://encrypted-tbn0.gstatic.com/faviconV2?url=https://www.usatoday.com&client=NEWS_360&size=96&type=FAVICON&fallback_opts=TYPE,USA Today
2025-11-09T14:00:00Z,Seattle job market is past its ‘golden age’ for tech workers,https://news.google.com/read/CBMirAFBVV95cUxQeWl6ZmFWSEZ2TWlaSGc3aTRhVHREdVlqOTZScWgtNExzTlM4QUptYzFsSncyRTYxTU03ZTc2ZFphUlZhM1FNWk5ISDJJREp2ck5vZlJBclpwUHZHWlJuXy1YQXVJNFFIdmNVUHNCdWp1RDJlQkFpRThQUnZRWGVMZ2IzdmtLOWxzT3Y2ZE93UUcxWU9Pc2dBWmhJMXJsZFp0NUlCWU5qLUVDb09E?hl=en-US&gl=US&ceid=US%3Aen,https://encrypted-tbn1.gstatic.com/faviconV2?url=https://www.seattletimes.com&client=NEWS_360&size=96&type=FAVICON&fallback_opts=TYPE,The Seattle Times
2025-11-12T00:02:42Z,"Lenskart, Groww IPO: India's tech start-ups fire up public markets amid valuation concerns",https://news.google.com/read/CBMiWkFVX3lxTFBCTDVJelhTNmJiWWpEYUlESXBBUDN2S3Z1S3UwSXBhVzM1dDhueEdKMWRsX0QxbzU0dHlMVmt3WHluY2I3Qzh4YUM5R2VKX0k2YU53VWZsR3M5UQ?hl=en-US&gl=US&ceid=US%3Aen,/api/attachments/CC8iK0NnNVNhMkZ3WVhSV01IcDJYekZ3VFJDTkFoamdBeWdLTWdhQklaQURGd28=-w280-h168-p-df-rw,BBC
2025-11-11T04:37:58Z,Tech Startup IPOs in India: Mixed Performance with 42% Average Gains,https://news.google.com/read/CBMiuAFBVV95cUxNRnVtb2had29iUlFXUDg3S2JzUTU1MUVySUk4d3ZPT19ZWVR2T0hEckE4S1IxTm8xMXhjQXhzbGdna2p6WGVEUDBqbUFFWHVRZGw3SHlnaWJhZDVNcC1MZmRlckdlTmwwa2JDdWFRMFV2MWxrSHdVX09VOWh5N2ZhSl9yZVNTd3M3WlpSLVBiRVlYdXdrR09GR0lsRGpDWmdXNDcwdHp5WHRtUHNOSE41dk9rY19MQXRp?hl=en-US&gl=US&ceid=US%3Aen,https://encrypted-tbn1.gstatic.com/faviconV2?url=https://scanx.trade&client=NEWS_360&size=96&type=FAVICON&fallback_opts=TYPE,scanx.trade
2025-11-10T02:30:01Z,"Startups & IPOs, A New Gaming Incubator & More",https://news.google.com/read/CBMic0FVX3lxTE8yVk9MZmVmUU9xeFU2UkVUa1FnRHQwTnlkS1M2eFM3bWMzR0NLcGp4b0xjcjRVOHZ3R180SXhGejRsUnlKNVYwY2JXREN0aFFGTVo1Q1lNNjNtc29mRHB3M3VWYVNsQkxJcV84NFZHRUFjXzg?hl=en-US&gl=US&ceid=US%3Aen,https://encrypted-tbn0.gstatic.com/faviconV2?url=https://inc42.com&client=NEWS_360&size=96&type=FAVICON&fallback_opts=TYPE,Inc42
2025-11-11T05:18:27Z,From Hype to Disappointment: Top 10 IPO Listings that Let Investors Down in 2025,https://news.google.com/read/CBMiY0FVX3lxTE9BcFFlRUFub3hvNVRrNnRrZExCb24zXzd2U1dreTBYOWdWakVPMTJYd1RNS2ZkbU9vUExOUHFnby1EQ1dWS2ZvN2tvTmFiQU8wa0hncFlmd1BYdTBXcE9JZEdwVQ?hl=en-US&gl=US&ceid=US%3Aen,https://encrypted-tbn2.gstatic.com/faviconV2?url=https://ipowatch.in&client=NEWS_360&size=96&type=FAVICON&fallback_opts=TYPE,IPO Watch
2025-11-11T21:42:00Z,ByHeart recalls all baby formula sold nationwide as infant botulism outbreak grows,https://news.google.com/read/CBMipgFBVV95cUxNUkQ0cVVhVWt2RFlzNFRvZThjSW04Y0tVQmZpZmRpQllPSHZDY1prT2h5T2FDUGJUeFItUlB5cFV6OHpHV1BFNVE3bUN1bEI3ZHEzRVltb2x5Q0dnSEY2a1VubndyTi1PMklJVUVIZTBDT0RmV0FiSXg5YmprR2tEWkJWNEdSdmRxS29Vb2t4MEZfdmFkd05kbVNJLUxnLXU2bkJma3l3?hl=en-US&gl=US&ceid=US%3Aen,/api/attachments/CC8iK0NnNUhjMng1YmxoR1NXb3dMVmhWVFJDcUJCaXFCQ2dLTWdZWmhKQ0x0UVk=-w280-h168-p-df-rw,AP News
2025-11-12T00:03:20Z,Infant Formula Recall Expands as Botulism Outbreak Grows,https://news.google.com/read/CBMijgFBVV95cUxPV1FFZkF5QmxJajhhekR1SHVEVnJPckR2bm9HRmtFcVdxTEN0TlU1dk41Q1FYaExDMG11eXdDTHd4Y1U4NGdXZWJKTWtubldfWUFJQnhXS0dySkdIQXBhQ1VGQ21XMnlYLVhraTU2Z3pJMjRpdVN1dHgzeTFRYjFlVDU2Y0QzM0VHRnFucXln?hl=en-US&gl=US&ceid=US%3Aen,https://encrypted-tbn2.gstatic.com/faviconV2?url=https://www.nytimes.com&client=NEWS_360&size=96&type=FAVICON&fallback_opts=TYPE,The New York Times
2025-11-11T17:10:00Z,ByHeart Broadens Voluntary Recall While Investigation Continues,https://news.google.com/read/CBMiywFBVV95cUxNbEZqR0l1S21OTTlQZEhRZE1rWEl6Nmpld0I3S1VBZ0ZBY2tLZGVDLU5kQXpyZ1FsUlVFWllwTjBoLWZuUUtUdllPLTUxeExlcWp6cWFCXy05d0lSYmxfUWx5YXpmNTJ4REYxdkY4WjkwQnIyS0FiRnZfbjNGOGp1bUhoQ0dOaE5Oazg3T2VTeG9pclBaMVREVnZlUDlhQnpnSW5vUUExNUlEYk16NkVSZEo5ZmNMQktqcHVkS0hIVE1Kc1hjNWN1dGhKNA?hl=en-US&gl=US&ceid=US%3Aen,https://encrypted-tbn2.gstatic.com/faviconV2?url=https://www.fda.gov&client=NEWS_360&size=96&type=FAVICON&fallback_opts=TYPE,fda.gov
2025-11-12T06:07:10Z,"Infant Botulism Outbreak Linked to Infant Formula, November 2025",https://news.google.com/read/CBMikgFBVV95cUxNSTVtdWVoOFpKNEN3LTlCYnM1UHBPZldHWm5zZ0lGYnlEcUg2R1VzNWZqZk5UZG5PdGRrTDNLcGlRQUZnRVJSdlVxaGZmOVdpaTNyMjVEVXVzQU5BRFNwR21fdjJBUE9CX0lHNXJ2ZFdhb200N2JRN0Jzd0RpakVXX1VQUjdVUFFnX0ZmSWVKYzBKdw?hl=en-US&gl=US&ceid=US%3Aen,https://encrypted-tbn2.gstatic.com/faviconV2?url=https://www.cdc.gov&client=NEWS_360&size=96&type=FAVICON&fallback_opts=TYPE,Centers for Disease Control and Prevention | CDC (.gov)
